{
  "basis": [
    {
      "coordinate": [0.0, 0.0, 0.0],
      "occupants": ["Zr"]
    },
    {
      "coordinate": [0.666666666666666, 0.333333333333333, 0.5],
      "occupants": ["Zr"]
    },
    {
      "coordinate": [0.333333333333333, 0.666666666666666, 0.25],
      "occupants": ["Va", "O"]
    },
    {
      "coordinate": [0.333333333333333, 0.666666666666666, 0.75],
      "occupants": ["Va", "O"]
    }
  ],
  "coordinate_mode": "Fractional",
  "lattice_vectors": [
    [3.233986856383, 0.0, 0.0],
    [-1.616993428191, 2.800714773133, 0.0],
    [0.0, 0.0, 5.16867834]
  ],
  "title": "ZrO"
}